CRM Lead ID,CRM Person ID,Contact Type,First Name,Last Name,Email,Job Position,Birthday,Phone,Mobile,Home Phone,Fax,Street 1,Street 2,City,State,Country,Internal Notes,Contact Relationship,Import Status
94EC2E40-DA61-4E01-9FAA-7AEB0363A92C,DF95DC01-B6AA-4247-97D7-40DDC3A248F3,Management/Corporate,Paul,Sacco,PSacco@TPGhospitality.com,President CDO,,,,,,,,,,USA,,Primary Contact,updated
D38B9980-D1D5-4172-8712-A93B376F1CCF,A838FCBC-95CE-4A1C-8DBD-F6291D8FC8BD,Agent / Consultant,Dalana,Davenport,dalana.davenport@fourpointshobbyairport.com,GM,,713 948 0800,,,,,,,,USA,If for any reason the email doesn't work try this one: delana.davenport@fourpointshobbyairport.com,Primary Contact,updated
40F0D7E1-83B1-4084-8012-A8A1D7A70CB3,5A20DAE4-6CB3-4EE6-B4AC-8B5CECEB7EE8,Management/Corporate,Kenneth,Isakson,kenneth.isakson@wyn.com,Sr Dir of Hotel Systems & Strategy,,(973) 753-8643,,,,,,,,USA,,Primary Contact,updated
18BAD142-69DD-49C3-BBAA-A4D69B7C400A,30A58CD0-867C-4560-8CF2-393520D2F0E5,,Bob,Singleton,rws9410@gmail.com,Executive VP,,(843) 448-9020,,,,,,,,,,Primary Contact,updated
B888ADD2-7913-4224-A1B0-A37578492ABE,6842C6A6-8B81-4861-A7C2-5D24489BCBC9,Management/Corporate,Todd,Cahill,todd@cornerstonehotelgroup.com,President,,7028000850,661.964.7907,,,,,,,USA,,Primary Contact,updated
0465A5CB-B337-4440-A388-A34FAF34849D,ED19FD3D-B0EC-4EE2-AEA5-417F058D905C,,,,info@avalon-motel.com,,,(214) 742-3356,,,,"1015 Fort Worth Ave Dallas,  TX 75208",1015 Fort Worth Ave,Dallas,TX,USA,,Primary Contact,updated
EF678336-B72C-46B7-87DB-A307CA67E664,44407E0B-133C-4500-BA19-88CFA4DB1BB0,,Robin,Vogel,vogelvoiceover@aol.com,owner,,(860) 248-3156,,,,,,,,,,Primary Contact,updated
FE3D7348-5B88-4705-9CB8-9CC00B54700C,8AF9F8E4-3495-4D85-989D-B11504124F83,Owner,Kokila,Patel,kokie.patel@gmail.com,Owner,,(936) 446-461,,,,,,,,USA,,Primary Contact,updated
DD34F5E5-F657-4F6C-A1E1-9B2F29C89B04,BB4DDDFF-34D7-4272-BA7C-AAD812EC595E,Primary,John,Gonzalez,john.gonzalez@watkinslandmark.com,Project Manager,,(858) 259-1240 ,,,,,,,,USA,Watkins Landmark Construction John Gonzalez (john.gonzalez@watkinslandmark.com) 5441 Avenida Encinas Carlsbad CA 92008 P: (858) 259-1240 F: (858) 259-1264 ,Primary Contact,updated
3A558478-2A59-4585-AFCC-9A16B4EAE4ED,C742DB7B-AB43-4DC2-8036-B9A3BF4BA84A,,Rhys,Johnson,rhys@southwestresorts.com.au,General Manager,,0419622835,,,,,,,,,,Primary Contact,updated
0B409470-9A79-43BC-ACC5-97E796A8D164,A9D6C418-7C6E-4177-BF66-F16C3A150CB8,,michaela,,groups2.seashells@axhotelsmalta.com,Sales Coordinator,,23540001,,,,,,,,,,Primary Contact,updated
9B81F757-3C20-44D0-9D49-9752A26A0EFA,3E549305-0445-4C47-B2F7-D7F1BD483DD2,,Nick,DeMarco,ndemarco@sydellgroup.com,Director of IT,,(917)697-0669  (9176970669),,,,30 W 26th ST,12Th Flr,New York,NY,UNITED STATES, Hotel/Hotel Management Properties IT/Services  ,Primary Contact,updated
3DC14E6F-36EF-477B-8B34-8FD7ADD3EA80,84962398-7BEA-40B8-8AA1-91823D479852,Hotel Management,Derek,Hunt,,,,(603) 772-5901,,,,,,,,USA,New GM as of October 2018.,Primary Contact,updated
B8ECBBCE-5CEF-45DC-AF96-8D47B072CEBC,5FBEB27F-1A31-424A-A939-136B3C7FE739,,,,r.spence@billingshotel.net,General Manager,,(406) 867-8133,,,,,,,,USA,,Primary Contact,updated
F0E93905-9364-4313-BE47-8C794B345842,74DF1695-3907-422E-A34E-40B551612F5B,Management/Corporate,David ,Buddemeyer,,President,,,,,,,,,,USA,,Primary Contact,updated
4D17F0FB-6B6E-4B53-AACA-8A238694A607,3C1B89D0-CBFE-4137-A841-4557E2DB231E,,Lauren,Wilkins,stay@hillstonmotorinn.com.au,Mrs,,0411672742,,,,,,,,,,Primary Contact,updated
1835F39B-1EA6-4CE4-AE30-850AE8D92846,33CD2423-1733-4BAC-87D7-96AE03DA0D20,,Dakoda,Bell,lee040984@gmail.com,Miss,,61421110791,,,,,,,,,,Primary Contact,updated
727109CB-8FEA-43B6-9259-84C3A6BF277A,765FD925-BBF8-47E0-B956-B1604776116B,Hotel Management,Glenn ,Losch,glosch@portocallhotel.com,General Manager,,(609) 399-8812,,,,,,,,USA,,Primary Contact,updated
81719FA9-2705-4F2D-9F83-AAC8C8FB5EDE,F86A72AE-25CF-469E-B908-5FCF5006BEB5,Primary,Barbara,Webb,barbara.webb@crestlinehotels.com,Director of IT Services,,(703) 785-3817,,,,,,,,USA,,Primary Contact,updated
194E87E2-788B-4E48-BA5E-B2F9BE5CD078,B566A65E-E980-4C45-9F69-6D1F3A0A8718,,Victor Betancourt,,vbetncrt@aol.com,Owner,,(775) 831-1052,,,,,,,,,,Primary Contact,updated
5DB644A2-079C-4A2D-B9A7-B44CF7C850BC,F8FFA686-464F-490C-A004-E70F9B8D2971,,Mohammad,Mahmood,mmahmood@eastpalmresort.com,CEO,,(516) 906-1976,,,,,,,,,,Primary Contact,updated
D04AAC2D-672B-499E-AE8D-B6B6EC203F03,A8FC22EA-828F-4536-B9B6-5D9FA7D2E293,,michael,sprague,michaelsprague1@mac.com,general manager,,(541) 386-4429,,,,,,,,,,Primary Contact,updated
76AE0BA7-8F65-4C15-A43A-F4F8A4058117,2B701439-034D-410C-9B75-490E291F8401,,Adulson A,Butterfield,digitaltcimedia@aol.com,President,,6492310693,,,,,,,,,,Primary Contact,updated
3AA7D5D6-D42B-4863-BE2E-E94AB963E6D3,95B6319E-19B4-4434-A848-31D4A4F6F145,,Asia Burke,,Asiaburke09@hotmail.com,Guest,,(623) 734-6953,,,,,,,,,,Primary Contact,updated
345A0C32-27AF-4CB0-9FC1-E8E241133F8D,0D912215-D14C-4D1F-875D-0B7F8A5417C0,,Scott,Heckner,hecknerscott@yahoo.com,Owner,,(928) 202-2469,,,,,,,,,,Primary Contact,updated
E0A16DA9-A4F5-4E76-83A7-E7C4F1FD94B0,A651C1E6-7FD8-4CF7-BE9F-CC938054E5D1,Administration,Cassandra ,Ulrich,ulrichcassandra90@gmail.com,,,,(208) 219-8925,,,,,,,USA,,Primary Contact,updated
F4B590A2-4A9B-4C08-A072-E2A8A43E36A0,08F11A12-CA83-4DFA-B538-A3E2EEB60648,,Steve,Hendrickson,shendrickson@cmitsolutions.com,Managing Principal,,(307) 215-8800,,,,,,,,,,Primary Contact,updated
D7A07E5B-6CB5-45C4-88C0-E1FBEE646837,74772626-950F-482C-8B71-4D5A5A41E3F8,,Patricia,Yun,patricia.yun@gmail.com,Manager,,(310) 728-5512,,,,,,,,,,Primary Contact,updated
59FC6826-CA46-48DE-AB84-D8D5B8328457,ACDA7FA5-7B3F-4C4B-B508-BEAF23170BE5,,Mike,Miklavic,mmiklavic@tmcgroup.com,CTO,,(424) 272-1020,,,,,,,,,,Primary Contact,updated
6A9A8752-18EE-4CC0-83D0-D852BDA741A8,5825EC4E-EA62-4E83-92C6-DB0FB84B27B5,,David,Krasner,davekrasner@hotmail.com,Dir IT,,(504)444-2682,,,,540 Turquoise ST,,New Orleans,LA,UNITED STATES," Hotel/Hotel Management Properties IT/Services 500K+ Plan to Purchase Within Year,Budget in Place",Primary Contact,updated
0C12816B-6DDA-4F9C-B523-D52B52A1811B,45DEF4AA-4600-41BF-9376-C18D6A1858B5,,element_2},,cindycarr2006@yahoo.com,Sale,,(918) 381-8148,,,,,,,,,,Primary Contact,updated
38928600-8055-466B-9198-D6906CCA5C10,DB61045A-5786-43EB-B653-0C4A310E4BB2,,Nancy lewis,,nancy.lewis@cwhotels.com,GM,,(321) 784-8484,,,,,,,,,,Primary Contact,updated
B0D510E8-EAC3-466E-9041-D5057CDDE971,1AC63655-A252-4C4E-AE57-9EEA93495F02,,Dana,Blasi,danablasi@yahoo.com,President  CEO,,(619)709-4103,,,,202 Island Avenue Suite 126,,San Diego,CA,UNITED STATES, Hotel/Hotel Management Properties Corporate 50K-100K Decision Maker,Primary Contact,updated
E6ED629B-AF7C-44DE-AD4C-D4CD1A4B807B,61F2954A-010C-4963-B550-DDA0C2EA83B7,,Mark Watson,,mark.watson@innsbythesea.com,GM,,(831) 625-8718,,,,,,,,,,Primary Contact,updated
675A5E96-F576-4C1E-83FF-D1DF80C0E217,64E9CCF5-44CF-4A37-9092-9BC0C6CC4230,Management/Corporate,David,Butcher,david.butcher@pleasanttravelservice.com,VPIS,,(805) 214-5005,,,,2830 Borchard RD,,Newbury Park,CA,Afghanistan, Hotel/Hotel Management Properties Corporate  ,Primary Contact,updated
F9EC0C4B-7177-4BA0-BBB7-C9EDC449A299,8195CF45-7438-43ED-94E5-117A621148B6,,Shannon,Provence,sprovence@goldennugget.com,Exec Director or IT,,(702)386-8158,,,,129 East Fremont Street,,Las Vegas,NV,UNITED STATES, Hotel/Hotel Management Properties IT/Services  ,Primary Contact,updated
9BC4D5E7-849A-464A-991F-C66436E3921C,0F481DC0-E322-4FAA-9947-E4736CD19D28,,Robert,Cantrell,cantrell@sonic.net,Director of IT,,(707) 799-5792,,,,495 Geary Street,,San Francisco,CA,USA,,Primary Contact,updated
7C037E89-D0CC-4D47-9CDD-C2DCFA6DEA88,12558BCD-F20B-4338-827F-0A492350483B,Accounting / Billing,Amit,Patel,amit.patel@lodgichospitality.com,Chief Executive Officer and Owner,,(281) 369-5749,,,,,,,,USA,,Primary Contact,updated
EECDB731-DF5E-4CCA-94F5-B9C4B14B5D20,85A89782-B4CB-4207-A89E-8FA6428B5319,Technical,Jeff,Beck,jbeck@hotelzelos.com,Director of IT,,(415) 344-3329,,,,,,,,USA,,Primary Contact,updated
DAB8B9F2-1435-47DA-BA0A-B725215E8DEB,3EE7EAAD-4019-486D-9AC1-500D8DFA097B,Hotel Management,Anthony,Ramirez,aramirez@jhgco.com,General Manager,,(570) 270-4678,,,,,,,,USA,,Primary Contact,updated
8AD55B40-D10F-4D73-841E-FA5F6C846DF7,ECED8341-A4F6-483B-9A95-1EDDD044FF16,,Brandon Scott,,brandon@membnb.com,Auditor/GSR,,(901) 482-0890,,,,,,,,,,Primary Contact,updated
091AC4F5-3A53-456D-8EC9-80744BDF50F3,FF7B0D87-155A-4C39-9C41-F3F07FAD485A,Technical,Kathyrn ,Burton,kburton@columbushospitality.com,COO,,614.824.1750,614.679.6605,,,,,,,USA,,Primary Contact,updated
8E54B5A3-E859-49D2-95BF-FEC5B603BEB2,51A78A41-1025-4B99-89A2-8DA96A78C503,,Phillip,Ruland,phillip@cerebrussecurity.com,Network Consultant,,(305) 615-1329,,,,,,,,,,Primary Contact,updated
D9FBC543-CC2D-47F2-A2EF-79736902CB5B,0A82A3A5-B10F-464C-8B42-28D7A9D42D03,,Parvez,Ahmed,parvez@ramadabwi.com,Owner,,(202) 497-1551,,,,,,,,,,Primary Contact,updated
E8D3C810-E01B-4A6F-93F7-26E08AFB6483,41E829FB-8D50-43A9-A754-351C4AA94920,,Vincent,Applegate,gm@aspenvt.com,GM,,8023622450,,,,,,,,,,Primary Contact,updated
1A1106DC-4392-47C6-B56A-1E1DFD972B32,E24F9930-F633-47A1-9B9D-3A7792A31D1E,Hotel Management,Dushan,Wijeweera,dushan@lismoynehotel.com,Front Desk Manager,,4.40125E+12,,,,,,,,USA,,Primary Contact,updated
81BE48B4-A75F-48CB-9C15-1D51D5900F5E,563B677E-FA11-4ABA-B70E-4DD74FCA9E63,,Fran,Moore,fmoore@cachecreek.com,VP of IT,,5307963118,,,,14455 Highway 16,,Brooks,CA,USA,,Primary Contact,updated
B5B1839E-8AC4-4BF9-ACCB-1C2D5FB0CCA6,A90A1DBF-9351-40F6-87CA-3CA6AC386B90,Primary,Maurizio,Palmucci,maurizio.palmucci@lestmartinmontreal.com,GM ,,(614) 843-3000,(514) 817-2175,,,,,,,USA,,Primary Contact,updated
984CB80F-68ED-4EE0-BFB1-1B5A01EFD897,30574A66-509B-4D44-AFB7-6DBC66C081C6,,Raymond,Ronquillo,raymond@themanorsuites.com,CEO,,(415) 832-9119,,,,,,,,,,Primary Contact,updated
29ED2C81-75D0-4747-B371-1B428A7938D0,F3DB49BA-8E78-4453-9F5E-8CE6F4B37B44,,,,jonniepaez@gmail.com,General Manager,,(704) 999-0100,,,,,,,,,,Primary Contact,updated
76E8A0B3-73D1-4CEC-BB6D-1970DD6116D6,DFB99235-F671-49D5-8C41-5D6A25B72FB2,,Seth,Feldman,seth@greatchoice.com,Sales Manager,,(877) 290-0489,,,,,,,,,,Primary Contact,updated
CE9F1EDC-460D-41FC-9F60-16897B88ACB5,39B953EE-EACE-4F9A-B4AF-EE9E0CA3C127,,,,john@windjammerresort.com,General Manager,,(954) 776-4232,,,,,,,,USA,,Primary Contact,updated
C5F866DB-F7CC-41BB-A3ED-158182B34E84,7053AE37-DFAA-4B28-8B85-9656C7BD4992,,Derry Downey,,derry@mistyharborresort.com,manager,,(207) 646-8373,,,,,,,,,,Primary Contact,updated
D950F67A-A964-4717-BECE-1460FED9D290,8F3870A7-0ED3-4434-A7BF-170A0D4607F7,Hotel Management,Kellen,Shepard,kshepard@baybeachclub.com,GM,,,,,,,,,,USA,,Primary Contact,updated
862225E0-A751-4D7D-B7FD-12F96C54080E,63A87E2D-D378-4452-8B8D-971E23B78E19,Hotel Management,Richard,Jones,rjones@hvmg.com,EVP and Chief Operating Officer at Hospitality Ventures Management Group Atlanta Metropolitan Area,,,,,,,,,,USA,,Primary Contact,updated
B9C4D52A-B92B-44BC-8FF4-0FA2F84EEFDC,C941F2F9-F6DC-4AF2-AA9A-5B1FA78A80C7,Technical,Rod  ,Tateyama,rod.tateyama@halekulani.com,Director of IT ,,(808)923-2311,,,,,,,,USA,,Primary Contact,updated
AF0A0DF6-D750-4BED-BE1C-0F9133E510CE,7C81F130-6159-42C8-8908-21C26079BB3F,Management/Corporate,Israel,Fintz,ifintz@ezhospitalitymgmt.com,Owner,,954-557-0891,,,,,,,,USA,,Primary Contact,updated
006438DF-C23C-4F83-86D6-0D8E6CC24D33,512CADBE-5EF3-4E59-9A02-16D69FB59099,,John,Martin,gm@thecolonyhotel.com,Managing Partner,,2079673331,,,,,,,,,,Primary Contact,updated
F4C530EE-BF5A-42F4-88E3-096F4E5064AB,54DAAC27-1522-4363-9682-58D058C86311,,John Secco,,John@tropicseasresort.con,Owner,,(313) 407-4300,,,,,,,,,,Primary Contact,updated
FC4C5925-6850-4DB2-83B5-08DFAF8069DA,E88B4FB7-6E72-4F30-982A-8D349BAF5767,Accounting / Billing,Brad,Koch,,,,,,,,,,,,USA,,Primary Contact,updated
E55A024A-AF44-4D3F-B519-0779B2D66A4F,5519E059-63F4-4884-852C-7EEBEE6CBDE4,,Lisa,Bradley,lisa@yukoninn.com,Hotel Manager,,18676338528,,,,,,,,,,Primary Contact,updated
92E98F6F-CE43-4A45-86C7-286BBA12A408,DDBDF7FB-8219-44DE-A624-A68007D9864F,,Jerry,Evans,jerry@gehospitality.com,Owner,,(229) 241-9221,,,,,,,,,,Primary Contact,updated
9676B4E4-B9E5-41CA-95EA-36873CB8592C,DEFE5E97-9EBD-49BA-98DA-558E7BC19B3C,,Karen,Codilla,karen.codilla@themodernhonolulu.com,Director of Revenue and Distribution,,808-943-5826,,,,1775 Ala Moana Blvd,,Honolulu,HI,UNITED STATES, Hotel/Hotel Management Properties Sales  Marketing  ,Primary Contact,updated
11F72041-D4E5-44A1-8B41-38DE7510DBC5,81408C78-B0C4-4379-B9E8-6FE55C0A70FE,Agent / Consultant,Paul,Sadler-Bower,paulsb@airlie.com,Hotel manager ,,540-341-3222,,,,,,,,USA,,Primary Contact,updated
1DCE34D2-7801-4C59-BCA4-3B38A99EC241,2A83B4EA-2169-4A42-98D2-E0DC56010DBC,,Cedric Vance,,cwydale@me.com,GM,,(901) 734-7986,,,,,,,,,,Primary Contact,updated
43285046-90DC-4957-B818-7775313127F4,4452DC5F-8FFD-4BFC-85A9-841B4D5D23AE,,David,Gallegos,david@folkinnusa.com,General Manager,,(909) 937-9700,,,,,,,,,,Primary Contact,updated
C2A69AD8-03D8-435F-9129-7736E0FF74B5,777A2B6F-11DC-4793-B25D-DB1349E92B66,,,,cpackard@pdi-eft.com,,,,,,,,,,,USA,,Primary Contact,updated
99C179E8-2612-4F5E-9669-771AECE6FD1D,7ACDCFF4-9CB8-4FC1-9DA9-92978AAAA0F7,,,,brian@parkvueinn.com,General Manager,,(714) 772-3691,,,,,,,,,,Primary Contact,updated
74C4E097-0C3C-44EC-A8B1-75912DDE5AE3,7E041990-6628-4256-AF83-1461EA01C280,Hotel Management,Margaret ,Hyatt,marinerboathouse@aol.com,General Manager ,,(239) 463-8787,,,,"7630 Estero Blvd Fort Myers Beach,  FL 33931",7630 Estero Blvd,Fort Myers Beach,FL,USA,,Primary Contact,updated
F488C033-4D64-492F-87AD-6D9CEAE53B29,2248C134-4CF7-4D06-9F14-E920D38AC9C1,,,,mladiwalla@gmail.com,,,,,,,,,,,USA,,Primary Contact,updated
F84B3DA2-5D12-4F2E-8279-6ADD767D4BDF,1C770093-D0E2-4258-BCB2-B284A98D7E47,Primary,Elsa,Chen,chen@caesarswindsor.com,Front Office Manager,,,519-566-6690,,,,,,,USA,,Primary Contact,updated
69E8FFC2-9AF6-4A17-B841-6077B41509B8,2B7828B2-3FDB-4936-A11D-517A317068CA,Hotel Management,Pete,P,gmqualityinn59@gmail.com,GM,,780.865.5255,780.817.6668,,,,,,,USA,,Primary Contact,updated
F34425C9-C911-49EF-9392-60253DD6FF98,47825E21-B6D6-4AD9-9E04-44BCA4AAC2A9,Administration,Tim,Garner,garnertim96@gmail.com,,,,(315) 565-1900,,,,,,,USA,,Primary Contact,updated
A7013875-449D-41BF-B4BB-5DF9B2BB57BF,521A4BC9-4359-4B2B-8069-0FE34B4B02F8,,Lynn Mitchell,,lmitchell@soleilmanagement.com,Vice President,,(702) 367-4010,,,,,,,,,,Primary Contact,updated
FCD8E56B-0B30-4CE2-8021-5ED62B39683B,3ACEAF21-A66B-43D6-8F23-218303008A69,Management/Corporate,Collin,Northcutt,collin@primo-investments.com,Corporate Director of Operations,,,,,,,,,,USA,,Primary Contact,updated
3454FD9B-5408-4AB7-ADC9-58C6C205C43D,2B7C4D80-B528-494A-99A5-3A3C01540F95,,Kelsey,Bunker,al@jupiterhote.com,Owner,,(503)230-9200,,,,800 E Burnside St,,Portland,OR,UNITED STATES, Hotel/Hotel Management Properties Owner 100K-250K ,Primary Contact,updated
45DF8582-6CDC-450A-A7D1-5406AEC70C7B,67D3A507-B324-4C34-8858-97ABF6735A1A,Primary,Dean,Schumacher,dean@watkinslandmark.com,Vice President Business Development,,858-259-1240,,,858-259-1264,,,,,USA,,Primary Contact,updated
30198C7F-296E-41CC-8256-53B9F8DA6E52,C808F8C2-42D4-44C0-9DD2-A899274618EB,,Danielle Kennell,,info@ocrideau.com,Manager,,(410) 289-7221,,,,,,,,,,Primary Contact,updated
80E1E790-0651-4CFC-8A2B-4F2C5068067D,355AC158-BB07-4527-8E34-78CB53951044,,Val Seivom,,sevom@trenthotel.com,GM,,(818) 246-4486,,,,,,,,,,Primary Contact,updated
A517EB74-6CC4-461F-9ABB-4746230A7420,3513AFC3-EC18-4ECE-A066-2143E5439320,,John,deRoulet,john@stayalfred.com,Reservation Dept. Director,,(425)780-9020,,,,2811 E 11th Ave,,Spokane,WA,UNITED STATES," Hotel/Hotel Management Properties Front Office/Reservations,Sales  Marketing 10K-50K ",Primary Contact,updated
D260A6FF-B51C-49E4-961E-46356DCE4C49,84E4B768-6F70-4FC6-8F86-984446BEB833,Management/Corporate,Keith,Korang,keith.korang@Radisson.com,Director engineering,,,,,,,,,,USA,,Primary Contact,updated
555A0EC7-0480-4CD5-B090-4286FD720413,8F3B2014-F148-4AE5-B4F0-F8E273C3DB3C,Technical,Bobby,Boyles,bboyles@unscriptedhotels.com,Maintenance Engineer,,(347) 680-8056,1,,,,,,,USA,On site contact - No longer the Chief Engineer,Primary Contact,updated
F0C6C628-2913-4575-A50E-3F0E6F50C69E,3A38619F-78B0-459E-8723-840C15A5EED6,,Seth,Turner,sturner@clipperequity.com,Project Manager,,(718) 438-2804,,,,,,,,,,Primary Contact,updated
CA96C58C-4220-477E-B425-79646E00D22C,5FF0936E-AE88-4F9B-97D8-B65B13C54E4F,,John,Buttigieg,johnbuttigieg@outlook.com,IT Support,,(045) 885-7994,,,,,,,,,,Primary Contact,updated
5448C771-346C-47F0-9033-010361AABBDA,896F3B6B-E24B-452A-A3F1-3A4B09B675FD,Hotel Management,Gazi,Sabo,gazi622@gmail.com,mgr,,(562) 218-4548,,,,,,,,USA,,"Primary Contact,Outage POC",updated
EC0524C0-D076-4589-A839-0619D78E901F,7B1DE125-6282-41E7-B7BC-69E29F2A086D,Management/Corporate,Mehboob,Udawala,jfkhospitalityllc@gmail.com,Owner ,,(281) 219-2000,1 (409) 939-5620,,,,,,,USA,,,updated
FC4C5925-6850-4DB2-83B5-08DFAF8069DA,83756C39-E30A-44F9-BFA1-5DC3594D7B28,Hotel Management,Gary,Sabroff,grant@heihotels.com,SVP Development,,,,,,,,,,USA,,,updated
FC4C5925-6850-4DB2-83B5-08DFAF8069DA,24BD887A-1E9E-4059-A04B-A8B72021AEA4,Agent / Consultant,Ted,darnall,info@heihotels.com,CEO/Partner,,,,,,101 Merritt 7 Corporate Park,,"Norwalk, CT 06851",CT,USA,,,updated
FC4C5925-6850-4DB2-83B5-08DFAF8069DA,EFEB2E6F-13FC-4049-B35E-CB18E90B3C82,Agent / Consultant,Dante,Alerxander,dante@heihotels.com,VP Operations,,203-849-8844,,,,,,,,USA,,,updated
AF0A0DF6-D750-4BED-BE1C-0F9133E510CE,8C343E34-761B-408B-95A2-05ECBDCCDBFC,Agent / Consultant,Benny,Freco,bfresco@ezhospitalitymgmt.com,VP of Technology,,954-873-5240,,,,4908 SW 33RD AVE,,FT LAUDERDALE,FL,USA,Rooms:  Website:  Source of List: DM2 Facility:  Employees: ,,updated
AF0A0DF6-D750-4BED-BE1C-0F9133E510CE,347BB09E-5A79-4243-848C-7D0F3A397E39,Management/Corporate,Galina,Fresco,gfresco@frescotech.net,Technology Manager,,(954)734-2425,,,,,,,,USA,,,updated
B9C4D52A-B92B-44BC-8FF4-0FA2F84EEFDC,3A358A1A-6893-4A57-98FB-39CDB202EA3D,,,,rod.tateyama@halekulani.com,Information Technology Manager,,(808) 526-1186,,,,,,,,USA,,,updated
B9C4D52A-B92B-44BC-8FF4-0FA2F84EEFDC,18277690-1E6E-4208-84AE-864900185770,Accounting / Billing,Kevin,Wu,kevin.wu@halekulani.com,Director of Finance,,(808)923-2311,,,,,,,,USA,,,updated
B9C4D52A-B92B-44BC-8FF4-0FA2F84EEFDC,3E6DC242-A709-49D0-BA91-B5822E6B5B63,Hotel Management,Steve,Tabiolo,steve.tabiolo@halekulani.com,Director of Front Office ,,(808)923-2311,,,,,,,,USA,,,updated
862225E0-A751-4D7D-B7FD-12F96C54080E,9D5C2B7F-0404-4713-A8DA-FC3A4A9C74CB,Management/Corporate,Suzanne ,Saunders,srsaunders@hvmg.com,VP Design & Construction ,,(678) 646-5871,(480) 258-9173,,,,,,,USA,,,updated
862225E0-A751-4D7D-B7FD-12F96C54080E,44A6AADC-8C9D-4701-A62C-2BC1B58A51B5,Accounting / Billing,Robert,Kisker,,VP OPs,,,,,,,,,,USA,,,updated
D950F67A-A964-4717-BECE-1460FED9D290,5AF6F9DC-6FE6-48EC-BFBF-E7E5D6A59A69,Accounting / Billing,Cody,Thomas,cthomas@baybeachclub.com,Business Operation Coordinator,,(410) 604-5900,,,,,,,,USA,,,updated
D950F67A-A964-4717-BECE-1460FED9D290,73718E5F-121E-47B1-8BBC-E8D8A09609B8,Hotel Management,Emily,Jones,ejones@baybeachclub.com,Inn Manager,,,,,,,,,,USA,,,updated
B4C4974D-C78F-4290-BC32-16D293ACAA7D,5039006E-78FD-4298-9489-C63AC19022AE,Hotel Management,Larry ,Smedley,lsmedley@tbco.biz,Director of IT,,,,,,,,,,USA,,,updated
173FD883-6FD9-408D-AB2A-16DFBE9A1AEB,A4B7B5B6-AFEF-40F3-8B8A-993BF957D8ED,Agent / Consultant,BRIAN,CORNELL,brian.cornell@concordhotels.com,SENIOR VICE PRESIDENT,,919-278-1453,,,,11410 COMMON OAKS DRIVE,,RALEIGH,NC,USA,,,updated
81BE48B4-A75F-48CB-9C15-1D51D5900F5E,0E368B8F-2436-4330-9BF3-11CCE066AC01,Technical,David ,Collins,Dcollins@cachecreek.com,Systems Manager ,,(530)796-5635,,,,,,,,USA,,,updated
81BE48B4-A75F-48CB-9C15-1D51D5900F5E,1B3DE5E1-6C21-4B92-9D4E-1FCD8D0C2F93,,Craig,Sheppard,csheppard@cachecreek.com,IT Operations Security Admin.,,,,,,14455 Highway 16,,Brooks,CA,USA,,,updated
81BE48B4-A75F-48CB-9C15-1D51D5900F5E,CAB20BF9-4F50-4E38-B832-F99B50D19551,Hotel Management,Brian ,Epps ,bepps@cachecreek.com,VP Hotel Operations,,(530)796-5801,,,,,,,,USA,,,updated
B1448C35-B8E7-435C-9A45-3302C49F8EDC,A9510945-9534-4B48-B631-D8AA41FEC17E,,HARESHKUMAR,PATEL,haresh607@hotmail.com,,,,,,,,,,,,,,updated
4997CE78-9E61-4632-9622-358BD78A1CE2,07002BB1-C6A5-441F-A0D2-0E9E67F7DA40,Hotel Management,Ferreld,.,flee@hotelbethlehem.com,Manager,,(484) 893-9414,,,,,,,,USA,,,updated
555A0EC7-0480-4CD5-B090-4286FD720413,D4136F4D-CC91-4AFD-A10F-1F2DD55B459D,,Manny ,Chohan,mchohan@dreamhotelgroup.com,EVP Revenue & Operations,,(212) 474-9895,,,,,,,,,,,updated
555A0EC7-0480-4CD5-B090-4286FD720413,F29463F7-1BB1-492F-8815-4F7DF4929FDF,Management/Corporate,Anil,Bhalla,anil.bhalla@hyatt.com,,,(212) 474-9870,(917) 445-3138,,,,,,,USA,,,updated
555A0EC7-0480-4CD5-B090-4286FD720413,25F15E19-41C5-4890-A074-FAEBFEBB8F92,,Ryan,Walker,rwalker@dreamhotelgroup.com,,,212-474-9839,,,,,,,,USA,Contact from HX Playboy Club RSVP,,updated
D260A6FF-B51C-49E4-961E-46356DCE4C49,0B41B64E-F848-4AEA-91FE-40A416265D13,Hotel Management,James,Marino,James.Marino@radisson.com,GM,,,,,,,,,,USA,,,updated
45DF8582-6CDC-450A-A7D1-5406AEC70C7B,F9958965-30A3-4AEF-A1E0-7C1F732609C7,Engineer,Steve,Gutwein,steve.gutwein@watkinslandmark.com,,,858-259-1240 ,,,,,,,,USA,,,updated
45DF8582-6CDC-450A-A7D1-5406AEC70C7B,4C1F398B-5BD7-4A46-9AF7-C73056C36CA3,Management/Corporate,Nick,Verdis,nick@watkinslandmark.com,Estimator/Project Manager,,858-259-1240,,,,,,,,USA,,,updated
94EC2E40-DA61-4E01-9FAA-7AEB0363A92C,6B7B64C2-4236-4339-8C23-CED546F03FCF,Administration, Paul ,Hitselberger,phitselberger@tpghospitality.com,SVP Operations,,,,,,,,,,USA,,,updated
94EC2E40-DA61-4E01-9FAA-7AEB0363A92C,C834B7B1-B0DD-4E3C-9B85-E5517F635E8A,Management/Corporate,Eric,McDonald,Emcdonald@TPGhospitality.com,SVP Sales and MArketing,,,,,,,,,,USA,,,updated
94EC2E40-DA61-4E01-9FAA-7AEB0363A92C,A5D446D3-D54D-42BF-8E7C-E7D28F1768E6,Management/Corporate,Gary,Gray,Ggray@TPGhospitality.com,SVP Development,,,,,,,,,,USA,,,updated
091AC4F5-3A53-456D-8EC9-80744BDF50F3,1AD30958-2A0D-43A0-B5FD-2E18A5A5564C,Technical,Jason ,Adams ,jadams@columbushospitality.com,Corporate IT ,,614.824.1075,740.649.2254,,,,,,,USA,,,updated
F0E93905-9364-4313-BE47-8C794B345842,14712CFB-7FB3-4DC0-B5F8-752DAAA8A3AC,Management/Corporate,carlos,Rodriguez,,EVP,,,,,,,,,,USA,,,updated
F0E93905-9364-4313-BE47-8C794B345842,F082A2F8-8AA8-4C41-9F3D-F2C36B3B5C6A,Accounting / Billing,Albert,Harrison,,CIO,,,,,,,,,,USA,,,updated
3DC14E6F-36EF-477B-8B34-8FD7ADD3EA80,3F8F1607-ECB2-4C15-93DE-D0A6BF849247,Hotel Management,Thomas ,Desisto,tdesisto@theexeterinn.com,General Manager,,(603) 772-5901,,,,,,,,USA,No longer works here.,,updated
B888ADD2-7913-4224-A1B0-A37578492ABE,E9F91DDC-CFCA-4D0C-98B5-A9FBA4265AAA,Management/Corporate,JR,Mata,jrmata@cornerstonehotelgroup.com,Director of Hotel Operations ,,,,,,,,,,USA,,,updated
81719FA9-2705-4F2D-9F83-AAC8C8FB5EDE,92D65DE9-F48F-4909-B7C7-B978D93E90D7,Accounting / Billing,Ryan ,Napier,,VP Technology,,,,,,,,,,USA,,,updated
81719FA9-2705-4F2D-9F83-AAC8C8FB5EDE,7807EB73-9B59-4879-BD38-EE727159149B,Hotel Management,Aaron ,Olson ,Aaron.Olson@crestlinehotels.com,"Senior Vice President, Hotel Operations",,571.529.6364,,,,,,,,USA,,,updated
0658AD3A-896C-4AF3-A993-B2E7AF4E359A,971B41B3-AAA1-457E-ABC9-C37B962911E3,,Darren,Tilbury,tech@odysseyresorts.com,IT Director,,2187288060 x124,,,,,,,,,,,updated
FA1CC5DB-CEA6-481D-A554-C3BAD5EDCC97,A217E4F8-0A0E-4E45-AA01-687874CE408B,,kathy,nguyen,kathynguy3n@cox.net,owner,,(504) 201-6265,,,,,,,,,,,updated
9BC4D5E7-849A-464A-991F-C66436E3921C,9EBD2E90-FB89-4A19-88F1-E351433A507C,,,,rcantrell@meadowood.com,Director of Information Technology,,(707) 968-3167  ,,,,,,,,USA,,,updated
20599EA9-B3EB-4D9C-8940-D2E4C096D8FD,1E862B0C-A12E-40F6-83CF-C0910054B423,,,,gm.FLG55@choicehotels.com,,,,,,,,,,,,,,updated
D065D585-D2B1-4DE3-8380-DC82DC1A5F54,06E76ABF-10CA-465F-B1E5-B524FC73CEA9,,Les Martin,,lmartin@tlccasinos.com,Financial Analyst,,(702) 387-5108,,,,,,,,,,,updated
D7A07E5B-6CB5-45C4-88C0-E1FBEE646837,02342513-979E-47F1-AE35-5BC64D02F88E,,,,info@brookhurstplazainn.com,,,(714) 999-1220,,,,"711 S Brookhurst St Anaheim,  CA 92804",711 S Brookhurst St,Anaheim,CA,USA,,,updated
2BCB4CAF-4133-46C3-97C3-E6C026311C61,3BA920E3-DB6D-45D6-B09D-2E4BB50F22C1,,Wesley,Warnack,IT@Mayfairhotelandspa.com,Director of IT,,3054410000,,,,,,Miami,FL,USA,,,updated
3C9B7323-A15C-4A64-9314-F6A757E6F6C0,019F429B-DFCE-408A-BAD8-EED1C9E8760E,Hotel Management,Phil ,LeJune,plejune@coastalhotels.com,Corporate Controller ,,,206.254.9927,,,,,,,USA,,,updated
